plan,id,relation,missing_layer,baseline_revision
doc_list,T5,covers,bridge,374faa1784e1baffc3314cf26259f7effde1ca6b
doc_read,T7,covers,bridge,374faa1784e1baffc3314cf26259f7effde1ca6b
list_sessions,T1,covers,unstated,374faa1784e1baffc3314cf26259f7effde1ca6b
list_sessions,T2,covers,scala-unit,374faa1784e1baffc3314cf26259f7effde1ca6b
list_sessions,T3,covers,scala-unit,374faa1784e1baffc3314cf26259f7effde1ca6b
list_sessions,T4,covers,e2e,374faa1784e1baffc3314cf26259f7effde1ca6b
list_theories,T1,covers,bridge,374faa1784e1baffc3314cf26259f7effde1ca6b
list_theories,T1,covers,scala-unit,374faa1784e1baffc3314cf26259f7effde1ca6b
list_theories,T2,covers,scala-unit,374faa1784e1baffc3314cf26259f7effde1ca6b
list_theories,T3,covers,scala-unit,374faa1784e1baffc3314cf26259f7effde1ca6b
list_theories,T4,covers,e2e,374faa1784e1baffc3314cf26259f7effde1ca6b
load_theory,T3,covers,bridge,374faa1784e1baffc3314cf26259f7effde1ca6b
readiness,A1,verifies,unstated,374faa1784e1baffc3314cf26259f7effde1ca6b
readiness,A2,verifies,unstated,374faa1784e1baffc3314cf26259f7effde1ca6b
readiness,A3,verifies,unstated,374faa1784e1baffc3314cf26259f7effde1ca6b
readiness,A4,verifies,unstated,374faa1784e1baffc3314cf26259f7effde1ca6b
readiness,A5,verifies,unstated,374faa1784e1baffc3314cf26259f7effde1ca6b
readiness,A7,verifies,unstated,374faa1784e1baffc3314cf26259f7effde1ca6b
readiness,A8,verifies,unstated,374faa1784e1baffc3314cf26259f7effde1ca6b
readiness,A9,verifies,unstated,374faa1784e1baffc3314cf26259f7effde1ca6b
readiness,T7,covers,bridge,374faa1784e1baffc3314cf26259f7effde1ca6b
readiness,T8,covers,bridge,374faa1784e1baffc3314cf26259f7effde1ca6b
readiness,T9,covers,bridge,374faa1784e1baffc3314cf26259f7effde1ca6b
readiness_catalog,A6,verifies,unstated,374faa1784e1baffc3314cf26259f7effde1ca6b
readiness_catalog,T6,covers,unstated,374faa1784e1baffc3314cf26259f7effde1ca6b
search_sources,T1,covers,scala-unit,374faa1784e1baffc3314cf26259f7effde1ca6b
search_sources,T2,covers,scala-unit,374faa1784e1baffc3314cf26259f7effde1ca6b
search_sources,T3,covers,scala-unit,374faa1784e1baffc3314cf26259f7effde1ca6b
search_sources,T4,covers,scala-unit,374faa1784e1baffc3314cf26259f7effde1ca6b
search_sources,T5,covers,scala-unit,374faa1784e1baffc3314cf26259f7effde1ca6b
search_sources,T6,covers,e2e,374faa1784e1baffc3314cf26259f7effde1ca6b
session_dirs_errors,A1,verifies,unstated,374faa1784e1baffc3314cf26259f7effde1ca6b
session_dirs_errors,A2,verifies,unstated,374faa1784e1baffc3314cf26259f7effde1ca6b
session_dirs_errors,A3,verifies,unstated,374faa1784e1baffc3314cf26259f7effde1ca6b
session_dirs_errors,A6,verifies,heap,374faa1784e1baffc3314cf26259f7effde1ca6b
session_dirs_errors,T2,covers,scala-unit,374faa1784e1baffc3314cf26259f7effde1ca6b
session_structure,A1,verifies,scala-unit,374faa1784e1baffc3314cf26259f7effde1ca6b
session_structure,A2,verifies,scala-unit,374faa1784e1baffc3314cf26259f7effde1ca6b
session_structure,A3,verifies,bridge,374faa1784e1baffc3314cf26259f7effde1ca6b
session_structure,A3,verifies,scala-unit,374faa1784e1baffc3314cf26259f7effde1ca6b
session_structure,A6,verifies,bridge,374faa1784e1baffc3314cf26259f7effde1ca6b
session_structure,A7,verifies,bridge,374faa1784e1baffc3314cf26259f7effde1ca6b
session_structure,A7,verifies,scala-unit,374faa1784e1baffc3314cf26259f7effde1ca6b
session_structure,A8,verifies,bridge,374faa1784e1baffc3314cf26259f7effde1ca6b
session_structure,A8,verifies,scala-unit,374faa1784e1baffc3314cf26259f7effde1ca6b
unload_theory,T2,covers,scala-unit,374faa1784e1baffc3314cf26259f7effde1ca6b
